Script started on Wed Dec  7 21:29:37 2016
]0;~/Things/Projects/sololearn-sql[?1034h[35;1m[sololearn-sql (master)]$[0m brew services list
[0;1mName           Status  User    Plist[0m
docker-machine stopped         
emacs-plus     stopped         
mongodb        stopped         
mysql          [32mstarted[0m enogrob /Users/enogrob/Library/LaunchAgents/homebrew.mxcl.mysql.plist
neo4j          stopped         
postgresql     stopped         
redis          stopped         
]0;~/Things/Projects/sololearn-sql[35;1m[sololearn-sql (master)]$[0m mysql
Welcome to the MySQL monitor.  Commands end with ; or \g.
Your MySQL connection id is 7
Server version: 5.7.16 Homebrew

Copyright (c) 2000, 2016, Oracle and/or its affiliates. All rights reserved.

Oracle is a registered trademark of Oracle Corporation and/or its
affiliates. Other names may be trademarks of their respective
owners.

Type 'help;' or '\h' for help. Type '\c' to clear the current input statement.

mysql> show databases;
+--------------------+
| Database           |
+--------------------+
| information_schema |
| menagerie          |
| mysql              |
| performance_schema |
| sys                |
+--------------------+
5 rows in set (0.01 sec)

mysql> use menagerie;
Reading table information for completion of table and column names
You can turn off this feature to get a quicker startup with -A

Database changed
mysql> show tables;
+---------------------+
| Tables_in_menagerie |
+---------------------+
| event               |
| pet                 |
+---------------------+
2 rows in set (0.00 sec)

mysql> show colums pet;
ERROR 1064 (42000): You have an error in your SQL syntax; check the manual that corresponds to your MySQL server version for the right syntax to use near 'colums pet' at line 1
mysql> show columns from pet;
+---------+-------------+------+-----+---------+-------+
| Field   | Type        | Null | Key | Default | Extra |
+---------+-------------+------+-----+---------+-------+
| name    | varchar(20) | YES  |     | NULL    |       |
| owner   | varchar(20) | YES  |     | NULL    |       |
| species | varchar(20) | YES  |     | NULL    |       |
| sex     | char(1)     | YES  |     | NULL    |       |
| birth   | date        | YES  |     | NULL    |       |
| death   | date        | YES  |     | NULL    |       |
+---------+-------------+------+-----+---------+-------+
6 rows in set (0.00 sec)

mysql> select * from pet;
+----------+--------+---------+------+------------+------------+
| name     | owner  | species | sex  | birth      | death      |
+----------+--------+---------+------+------------+------------+
| Fluffy   | Harold | cat     | f    | 1993-02-04 | NULL       |
| Claws    | Gwen   | cat     | m    | 1994-03-17 | NULL       |
| Buffy    | Harold | dog     | f    | 1989-05-13 | NULL       |
| Fang     | Benny  | dog     | m    | 1990-08-27 | NULL       |
| Bowser   | Diane  | dog     | m    | 1979-08-31 | 1995-07-29 |
| Chirpy   | Gwen   | bird    | f    | 1998-09-11 | NULL       |
| Whistler | Gwen   | bird    | NULL | 1997-12-09 | NULL       |
| Slim     | Benny  | snake   | m    | 1996-04-29 | NULL       |
| Puffball | Diane  | hamster | f    | 1999-03-30 | NULL       |
+----------+--------+---------+------+------------+------------+
9 rows in set (0.00 sec)

mysql> select distict c[Kspecies from pet;
ERROR 1054 (42S22): Unknown column 'distict' in 'field list'
mysql> select distict species from pet;[1@nc
+---------+
| species |
+---------+
| cat     |
| dog     |
| bird    |
| snake   |
| hamster |
+---------+
5 rows in set (0.00 sec)

mysql> select distinct species from pet;[P [P [P [P [P [P [P [Pf[P [P [P [P [P [P [P [P [1@*  from pet ;l;i;m;i;t; ;2;;
+--------+--------+---------+------+------------+-------+
| name   | owner  | species | sex  | birth      | death |
+--------+--------+---------+------+------------+-------+
| Fluffy | Harold | cat     | f    | 1993-02-04 | NULL  |
| Claws  | Gwen   | cat     | m    | 1994-03-17 | NULL  |
+--------+--------+---------+------+------------+-------+
2 rows in set (0.00 sec)

mysql> select * from pet limit 2;[1@ol[1@rl[1@dl[1@el[1@rl[1@ l[1@bl[1@yl[1@ l[1@nl[1@al[1@ml[1@el[1@ l
+--------+--------+---------+------+------------+------------+
| name   | owner  | species | sex  | birth      | death      |
+--------+--------+---------+------+------------+------------+
| Bowser | Diane  | dog     | m    | 1979-08-31 | 1995-07-29 |
| Buffy  | Harold | dog     | f    | 1989-05-13 | NULL       |
+--------+--------+---------+------+------------+------------+
2 rows in set (0.00 sec)

mysql> help

For information about MySQL products and services, visit:
   http://www.mysql.com/
For developer information, including the MySQL Reference Manual, visit:
   http://dev.mysql.com/
To buy MySQL Enterprise support, training, or other products, visit:
   https://shop.mysql.com/

List of all MySQL commands:
Note that all text commands must be first on line and end with ';'
?         (\?) Synonym for `help'.
clear     (\c) Clear the current input statement.
connect   (\r) Reconnect to the server. Optional arguments are db and host.
delimiter (\d) Set statement delimiter.
edit      (\e) Edit command with $EDITOR.
ego       (\G) Send command to mysql server, display result vertically.
exit      (\q) Exit mysql. Same as quit.
go        (\g) Send command to mysql server.
help      (\h) Display this help.
nopager   (\n) Disable pager, print to stdout.
notee     (\t) Don't write into outfile.
pager     (\P) Set PAGER [to_pager]. Print the query results via PAGER.
print     (\p) Print current command.
prompt    (\R) Change your mysql prompt.
quit      (\q) Quit mysql.
rehash    (\#) Rebuild completion hash.
source    (\.) Execute an SQL script file. Takes a file name as an argument.
status    (\s) Get status information from the server.
system    (\!) Execute a system shell command.
tee       (\T) Set outfile [to_outfile]. Append everything into given outfile.
use       (\u) Use another database. Takes database name as argument.
charset   (\C) Switch to another charset. Might be needed for processing binlog with multi-byte charsets.
warnings  (\W) Show warnings after every statement.
nowarning (\w) Don't show warnings after every statement.
resetconnection(\x) Clean session context.

For server side help, type 'help contents'

mysql> exit
Bye
]0;~/Things/Projects/sololearn-sql[35;1m[sololearn-sql (master)]$[0m brew services stop mysql
Stopping `mysql`... (might take a while)
[34m==>[0m [1mSuccessfully stopped `mysql` (label: homebrew.mxcl.mysql)[0m
]0;~/Things/Projects/sololearn-sql[35;1m[sololearn-sql (master)]$[0m show[K[K[K[Kbrew services list
[0;1mName           Status  User Plist[0m
docker-machine stopped      
emacs-plus     stopped      
mongodb        stopped      
mysql          stopped      
neo4j          stopped      
postgresql     stopped      
redis          stopped      
]0;~/Things/Projects/sololearn-sql[35;1m[sololearn-sql (master)]$[0m exit

Script done on Wed Dec  7 21:34:53 2016
